{
  "project_info": {
    "project_number": "52902789954",
    "firebase_url": "https://mobedik-6e3ac.firebaseio.com",
    "project_id": "mobedik-6e3ac",
    "storage_bucket": "mobedik-6e3ac.appspot.com"
  },
  "client": [
    {
      "client_info": {
        "mobilesdk_app_id": "1:52902789954:android:be65c03a81cb715b",
        "android_client_info": {
          "package_name": "m2dl.com.mobedik"
        }
      },
      "oauth_client": [
        {
          "client_id": "52902789954-pb732m67u8jnares4bjm8m7hpkmb49oq.apps.googleusercontent.com",
          "client_type": 3
        }
      ],
      "api_key": [
        {
          "current_key": "AIzaSyBhwpU0jq7k_1zrdA5altpinbwVUKb7ybY"
        }
      ],
      "services": {
        "analytics_service": {
          "status": 1
        },
        "appinvite_service": {
          "status": 1,
          "other_platform_oauth_client": []
        },
        "ads_service": {
          "status": 2
        }
      }
    }
  ],
  "configuration_version": "1"
}